{"export_path":"/Users/erogullari/Desktop/Workspace/cav-disentanglement/notebooks/checkpoints/g_sae_baseline/exports/G_SAE-latent_factor=6.0-topk_ratio=0.1.pth","epoch":100,"best_val_active_latents":307,"train_cond_loss":13.819785118103027,"_timestamp":1.775573684101325e+09,"_step":300,"val_recon_loss":0.0623212493956089,"best_val_total_loss":14.096002578735352,"best_val_latent_density":0.09993504732847214,"n_latents":3072,"train_recon_loss":0.027485163882374763,"val_cond_loss":14.033679008483887,"best_val_cond_loss":14.033679008483887,"best_val_recon_loss":0.0623212493956089,"train_active_latents":307,"topk":307,"val_latent_density":0.09993504732847214,"lr-Adam":0.0001,"val_total_loss":14.096002578735352,"_wandb":{"runtime":1619},"best_checkpoint_path":"/Users/erogullari/Desktop/Workspace/cav-disentanglement/notebooks/checkpoints/g_sae_baseline/G_SAE-latent_factor=6.0-topk_ratio=0.1/G_SAE-latent_factor=6.0-topk_ratio=0.1-98-14.0960.ckpt","_runtime":1619,"trainer/global_step":102200,"val_active_latents":307,"train_total_loss":13.847260475158691,"train_latent_density":0.09993552416563034}