{"train_loss":0.00919397547841072,"_runtime":9194,"val_loss":0.04208008944988251,"val_precision":0.38993561267852783,"train_f1":0.4440344572067261,"_timestamp":1.7664184062684994e+09,"train_precision":0.44106757640838623,"train_recall":0.45225128531455994,"val_accuracy":0.9843005537986755,"epoch":39,"val_recall":0.3792145848274231,"trainer/global_step":9999,"train_accuracy":0.9955065250396729,"val_f1":0.3771011233329773,"_wandb":{"runtime":9194},"_step":479}