{"best_checkpoint_path":"/Users/erogullari/Desktop/Workspace/cav-disentanglement/notebooks/checkpoints/g_sae_baseline/G_SAE-latent_factor=4.0-topk_ratio=0.025/G_SAE-latent_factor=4.0-topk_ratio=0.025-96-19.7304.ckpt","best_val_cond_loss":19.562013626098633,"best_val_total_loss":19.730388641357422,"train_active_latents":51,"train_total_loss":19.566469192504883,"n_latents":2048,"best_val_recon_loss":0.16836878657341003,"trainer/global_step":102200,"val_total_loss":19.730388641357422,"val_latent_density":0.02490234375,"_timestamp":1.7755656738055701e+09,"val_active_latents":51,"train_cond_loss":19.42581558227539,"export_path":"/Users/erogullari/Desktop/Workspace/cav-disentanglement/notebooks/checkpoints/g_sae_baseline/exports/G_SAE-latent_factor=4.0-topk_ratio=0.025.pth","best_val_active_latents":51,"val_recon_loss":0.16836878657341003,"lr-Adam":0.0001,"_step":300,"val_cond_loss":19.562013626098633,"train_recon_loss":0.14068156480789185,"epoch":100,"_wandb":{"runtime":1572},"_runtime":1572,"train_latent_density":0.02490234375,"best_val_latent_density":0.02490234375,"topk":51}