{"train_recon_loss":0.016068434342741966,"best_val_active_latents":461,"topk":461,"train_total_loss":13.496732711791992,"train_active_latents":461,"val_total_loss":13.712239265441895,"val_latent_density":0.1500650942325592,"best_checkpoint_path":"/Users/erogullari/Desktop/Workspace/cav-disentanglement/notebooks/checkpoints/g_sae_baseline/G_SAE-latent_factor=6.0-topk_ratio=0.15/G_SAE-latent_factor=6.0-topk_ratio=0.15-98-13.7122.ckpt","_step":300,"epoch":100,"val_recon_loss":0.04202203080058098,"val_cond_loss":13.67021369934082,"_runtime":1744,"best_val_latent_density":0.1500650942325592,"best_val_recon_loss":0.04202203080058098,"val_active_latents":461,"best_val_total_loss":13.712239265441895,"trainer/global_step":102200,"train_cond_loss":13.4806547164917,"n_latents":3072,"export_path":"/Users/erogullari/Desktop/Workspace/cav-disentanglement/notebooks/checkpoints/g_sae_baseline/exports/G_SAE-latent_factor=6.0-topk_ratio=0.15.pth","_wandb":{"runtime":1744},"train_latent_density":0.1500650942325592,"_timestamp":1.775593215083447e+09,"best_val_cond_loss":13.67021369934082,"lr-Adam":0.0001}