{"_timestamp":1.775588998433558e+09,"best_val_active_latents":307,"train_cond_loss":12.203445434570312,"_runtime":1168,"_wandb":{"runtime":1168},"best_val_total_loss":12.43843936920166,"val_cond_loss":12.382076263427734,"trainer/global_step":102200,"best_checkpoint_path":"/Users/erogullari/Desktop/Workspace/cav-disentanglement/notebooks/checkpoints/g_sae_baseline/G_SAE-latent_factor=4.0-topk_ratio=0.15/G_SAE-latent_factor=4.0-topk_ratio=0.15-90-12.4384.ckpt","val_total_loss":12.43843936920166,"train_recon_loss":0.028028640896081924,"lr-Adam":0.0001,"best_val_cond_loss":12.382076263427734,"_step":300,"topk":307,"train_total_loss":12.231478691101074,"val_latent_density":0.14990234375,"epoch":100,"best_val_recon_loss":0.05636436492204666,"train_active_latents":307,"train_latent_density":0.14990234375,"n_latents":2048,"best_val_latent_density":0.14990234375,"val_active_latents":307,"export_path":"/Users/erogullari/Desktop/Workspace/cav-disentanglement/notebooks/checkpoints/g_sae_baseline/exports/G_SAE-latent_factor=4.0-topk_ratio=0.15.pth","val_recon_loss":0.05636436492204666}