{"train_recon_loss":0.0719790905714035,"val_total_loss":16.43668556213379,"n_latents":3072,"best_val_active_latents":154,"lr-Adam":0.0001,"topk":154,"val_latent_density":0.05013013258576393,"trainer/global_step":102200,"train_total_loss":16.34357452392578,"best_val_recon_loss":0.10767746716737747,"best_val_latent_density":0.05013013258576393,"train_active_latents":154,"_step":300,"best_checkpoint_path":"/Users/erogullari/Desktop/Workspace/cav-disentanglement/notebooks/checkpoints/g_sae_baseline/G_SAE-latent_factor=6.0-topk_ratio=0.05/G_SAE-latent_factor=6.0-topk_ratio=0.05-96-16.4367.ckpt","_timestamp":1.775572061160989e+09,"best_val_cond_loss":16.329002380371094,"val_active_latents":154,"_runtime":1905,"val_recon_loss":0.10767746716737747,"train_latent_density":0.05012989044189453,"_wandb":{"runtime":1905},"epoch":100,"train_cond_loss":16.27157974243164,"export_path":"/Users/erogullari/Desktop/Workspace/cav-disentanglement/notebooks/checkpoints/g_sae_baseline/exports/G_SAE-latent_factor=6.0-topk_ratio=0.05.pth","val_cond_loss":16.329002380371094,"best_val_total_loss":16.43668556213379}