{"train_recall":0.43120914697647095,"train_f1":0.42982912063598633,"val_loss":0.03762893006205559,"val_precision":0.4068152904510498,"epoch":39,"train_accuracy":0.9957108497619629,"_step":239,"_wandb":{"runtime":5229},"trainer/global_step":9999,"train_loss":0.009270763956010342,"val_accuracy":0.9866437315940857,"train_precision":0.4350762367248535,"val_f1":0.38926348090171814,"_runtime":5229,"val_recall":0.38841038942337036,"_timestamp":1.7664793246652792e+09}