{"best_val_cond_loss":13.431829452514648,"_wandb":{"runtime":1450},"trainer/global_step":102200,"val_recon_loss":0.031142698600888252,"train_latent_density":0.19987104833126068,"val_active_latents":614,"best_val_active_latents":614,"best_val_total_loss":13.462966918945312,"_step":300,"n_latents":3072,"val_total_loss":13.462966918945312,"train_total_loss":13.228034973144531,"val_latent_density":0.19987009465694427,"topk":614,"best_val_recon_loss":0.031142698600888252,"_runtime":1450,"lr-Adam":0.0001,"train_cond_loss":13.21668529510498,"best_val_latent_density":0.19987009465694427,"_timestamp":1.775594668910101e+09,"epoch":100,"best_checkpoint_path":"/Users/erogullari/Desktop/Workspace/cav-disentanglement/notebooks/checkpoints/g_sae_baseline/G_SAE-latent_factor=6.0-topk_ratio=0.2/G_SAE-latent_factor=6.0-topk_ratio=0.2-80-13.4630.ckpt","val_cond_loss":13.431829452514648,"train_recon_loss":0.011346057988703251,"train_active_latents":614,"export_path":"/Users/erogullari/Desktop/Workspace/cav-disentanglement/notebooks/checkpoints/g_sae_baseline/exports/G_SAE-latent_factor=6.0-topk_ratio=0.2.pth"}